X,superior_dorsal_medulla_oblongata_stripe_1_(remaining),trochlear_motor_nucleus,superior_dorsal_medulla_oblongata_stripe_2&3,superior_dorsal_medulla_oblongata_stripe_4,superior_dorsal_medulla_oblongata_stripe_5,medial_octavolateralis_nucleus,superior_ventral_medulla_oblongata_(remaining),nucleus_isthmi,anterior_(dorsal)_trigeminal_motor_nucleus,posterior_(ventral)_trigeminal_motor_nucleus,interpeduncular_nucleus,locus_coeruleus,superior_raphe,intermediate_dorsal_medulla_oblongata_stripe_1,intermediate_dorsal_medulla_oblongata_stripe_2&3,intermediate_dorsal_medulla_oblongata_stripe_4,intermediate_dorsal_medulla_oblongata_stripe_5,intermediate_ventral_medulla_oblongata_(remaining),facial_motor_nucleus,abducens_motor_nucleus,vagus_motor_nucleus,vagal_sensory_lobe,inferior_dorsal_medulla_oblongata_stripe_1,inferior_dorsal_medulla_oblongata_stripe_2&3,inferior_dorsal_medulla_oblongata_stripe_4,inferior_dorsal_medulla_oblongata_stripe_5,area_postrema,inferior_ventral_medulla_oblongata_(remaining),inferior_olive,inferior_raphe,lateral_reticular_nucleus,olfactory_epithelium,anterior_lateral_line_ganglion,trigeminal_ganglion,posterior_lateral_line_ganglion,octaval_ganglion,glossopharyngeal_ganglion,retina,ventral_telencephalon_(subpallium),dorsal_telencephalon_(pallium),olfactory_bulb,preoptic_region,pituitary,intermediate_hypothalamus_(remaining),diffuse_nucleus_of_the_inferior_lobe,caudal_hypothalamus,rostral_hypothalamus,eminentia_thalami_(remaining),ventral_entopeduncular_nucleus,ventral_thalamus__alar_part,posterior_tuberculum_(basal_part_of_prethalamus_and_thalamus),epiphysis,dorsal_habenula,ventral_habenula,dorsal_thalamus_proper,pretectum__alar_part,nucleus_of_the_medial_longitudinal_fascicle_(pretectum_basal_part),medial_tegmentum_(remaining),oculomotor_nucleus,lateral_tegmentum,torus_longitudinalis,periventricular_layer,stratum_marginale,stratum_opticum,stratum_fibrosum_et_griseum_superficiale,sfgs/_sgc,stratum_griseum_centrale,stratum_album_centrale,sac_/spv,torus_semicircularis,cerebellum,
superior_dorsal_medulla_oblongata_stripe_1_(remaining),X,11,25,0,0,0,235,44,2,0,147,1,146,2,1,0,0,89,0,20,0,0,6,2,0,0,0,56,7,16,0,0,0,0,0,0,0,1,6,12,0,28,1,147,1,90,6,0,6,20,17,0,0,0,16,9,1,0,1,8,0,2,1,0,3,3,3,4,0,1,2
trochlear_motor_nucleus,3,X,0,0,0,0,11,8,0,0,6,0,4,0,0,0,0,3,0,0,0,0,0,0,0,0,0,0,0,0,0,0,0,0,0,0,0,1,1,1,0,0,0,5,1,1,0,1,1,0,0,0,0,0,2,0,1,1,6,3,0,0,0,0,0,0,0,1,1,0,0
superior_dorsal_medulla_oblongata_stripe_2&3,17,7,X,0,1,0,23,20,0,0,16,0,14,0,0,0,0,8,0,1,0,0,0,0,0,0,0,2,0,6,0,0,0,0,0,0,0,0,1,0,0,1,0,5,0,2,0,0,0,0,1,0,0,0,2,2,0,0,1,1,0,1,0,0,1,0,0,0,0,2,21
superior_dorsal_medulla_oblongata_stripe_4,1,0,2,X,0,1,2,2,0,0,0,0,0,0,0,0,0,2,0,0,0,0,0,0,0,0,0,0,0,0,0,0,0,0,0,0,0,0,0,0,0,0,0,1,0,0,1,0,0,0,0,0,0,0,1,0,0,0,0,0,0,0,0,0,0,0,0,0,0,1,4
superior_dorsal_medulla_oblongata_stripe_5,0,0,0,0,X,4,9,9,1,0,0,2,0,0,0,0,2,6,0,0,0,0,0,0,0,0,0,1,0,0,0,0,0,0,0,0,0,0,1,1,0,2,0,3,0,0,0,0,3,3,1,0,0,0,8,4,0,0,0,2,0,1,0,0,0,0,1,1,0,2,5
medial_octavolateralis_nucleus,0,1,5,2,5,X,67,50,9,3,0,6,1,1,7,12,71,143,3,1,0,4,2,3,11,8,0,5,0,5,0,0,0,0,0,0,0,0,0,0,0,0,0,1,1,0,2,0,0,0,2,0,0,0,12,5,2,1,1,4,0,2,0,0,1,2,1,2,2,30,39
superior_ventral_medulla_oblongata_(remaining),0,4,1,0,0,1,X,10,1,0,1,0,1,0,0,1,1,9,0,2,0,0,1,1,2,0,0,4,0,0,0,0,0,0,0,0,0,0,1,1,0,2,0,4,1,1,1,0,0,2,0,0,0,0,2,2,4,2,2,3,0,0,0,0,0,0,0,0,0,2,2
nucleus_isthmi,7,8,16,1,3,3,124,X,3,2,6,15,3,0,3,0,0,60,0,12,1,0,4,4,5,1,0,34,1,18,0,0,0,0,0,3,0,1,5,3,1,7,0,78,14,0,18,0,2,8,8,0,0,0,74,44,16,7,9,54,1,35,11,5,23,21,27,32,32,56,33
anterior_(dorsal)_trigeminal_motor_nucleus,1,0,0,0,0,0,5,3,X,0,1,0,1,0,0,0,0,4,0,1,0,0,0,0,0,0,0,1,0,1,0,0,0,0,0,0,0,0,0,0,0,0,0,1,0,0,0,0,0,0,1,0,0,0,1,1,2,2,1,3,0,1,1,1,1,1,1,0,0,0,1
posterior_(ventral)_trigeminal_motor_nucleus,0,0,0,0,0,0,0,0,0,X,0,0,0,0,0,0,0,0,0,0,0,0,0,0,0,0,0,0,0,0,0,0,0,0,0,0,0,0,0,0,0,0,0,0,0,0,0,0,0,0,0,0,0,0,0,0,0,0,0,0,0,0,0,0,0,0,0,0,0,0,0
interpeduncular_nucleus,1,0,0,0,0,0,2,1,0,0,X,0,1,0,0,0,0,0,0,0,0,0,0,0,0,0,0,0,0,0,0,0,0,0,0,0,0,0,0,0,0,0,0,3,0,0,0,0,0,0,0,0,0,0,1,0,0,0,1,0,0,0,0,0,0,0,0,0,0,0,0
locus_coeruleus,0,0,1,0,0,0,6,5,1,0,1,X,1,0,1,0,0,5,0,0,0,0,1,1,1,0,0,3,0,0,0,0,0,0,0,0,0,0,0,0,0,0,0,1,0,0,3,0,0,0,1,0,0,0,3,2,0,0,0,2,0,0,0,0,0,0,0,0,0,3,0
superior_raphe,5,1,3,0,0,0,10,5,2,1,6,0,X,1,0,0,0,7,0,4,0,0,2,0,0,0,0,6,2,0,0,0,0,0,0,1,0,1,0,0,0,0,0,1,0,0,0,0,0,0,1,0,0,0,1,1,0,0,1,2,0,0,0,0,0,0,0,0,0,0,0
intermediate_dorsal_medulla_oblongata_stripe_1,4,0,1,0,0,0,14,0,0,0,3,0,4,X,0,0,0,24,2,8,0,0,0,0,0,0,0,11,2,11,0,0,0,0,0,0,0,0,1,0,0,1,0,4,0,1,0,0,1,1,1,0,0,0,2,0,0,0,0,2,0,0,0,0,0,0,0,0,0,0,0
intermediate_dorsal_medulla_oblongata_stripe_2&3,1,1,0,0,0,0,7,5,1,0,1,0,0,0,X,1,0,13,0,0,0,0,1,0,0,0,0,5,0,4,0,0,0,0,0,0,0,0,0,0,0,0,0,0,0,0,0,0,0,0,0,0,0,0,1,1,1,0,2,1,0,1,0,0,0,0,0,0,0,4,0
intermediate_dorsal_medulla_oblongata_stripe_4,0,1,0,0,0,6,9,9,0,0,0,1,0,0,2,X,11,23,1,1,0,0,1,1,1,0,0,4,0,1,0,0,0,0,0,0,0,0,0,0,0,0,0,0,1,0,0,0,0,0,0,0,0,0,1,2,2,1,2,2,0,0,0,0,0,0,0,0,0,5,1
intermediate_dorsal_medulla_oblongata_stripe_5,1,2,1,0,1,64,55,55,5,2,0,8,0,3,5,14,X,94,5,0,0,0,5,3,3,0,0,13,0,2,0,0,0,0,0,0,0,0,0,0,0,0,0,0,0,0,0,0,0,2,0,0,0,0,6,1,2,0,2,0,0,0,0,0,0,0,0,0,0,17,5
intermediate_ventral_medulla_oblongata_(remaining),2,18,0,1,0,10,36,32,1,4,4,10,1,1,6,5,7,X,3,15,0,0,8,8,8,0,0,34,1,16,0,0,0,0,0,2,0,1,0,0,0,0,0,2,1,1,1,0,0,1,5,0,0,0,12,4,23,15,25,20,0,1,0,0,0,0,0,0,0,14,4
facial_motor_nucleus,0,0,1,0,0,0,5,4,1,0,0,0,0,0,1,1,0,7,X,3,0,0,2,2,2,0,0,9,1,7,0,0,0,0,0,0,0,0,0,0,0,0,0,0,0,0,0,0,0,0,0,0,0,0,1,0,0,0,0,0,0,0,0,0,0,0,0,0,0,0,2
abducens_motor_nucleus,0,0,0,0,0,0,0,0,0,0,0,0,0,0,0,0,0,1,0,X,0,0,0,0,0,0,0,1,1,1,0,0,0,0,0,0,0,0,0,0,0,0,0,0,0,0,0,0,0,0,0,0,0,0,0,0,0,0,0,0,0,0,0,0,0,0,0,0,0,0,0
vagus_motor_nucleus,0,0,0,0,0,0,4,2,1,0,0,0,0,0,0,1,0,6,0,1,X,1,3,6,45,11,0,4,0,0,0,0,0,0,0,0,1,0,0,0,0,0,2,0,0,0,0,0,0,2,1,0,0,0,2,2,0,0,0,0,0,0,0,0,0,0,0,0,0,0,0
vagal_sensory_lobe,0,0,0,0,0,5,6,7,1,0,0,0,0,0,0,1,0,9,0,0,2,X,1,4,10,7,0,3,0,1,0,0,0,0,0,0,0,0,0,0,0,0,0,0,0,0,0,0,0,0,0,0,0,0,2,2,0,0,0,0,0,0,0,0,0,0,0,0,0,3,1
inferior_dorsal_medulla_oblongata_stripe_1,1,0,1,0,0,0,5,3,0,0,0,1,0,0,0,1,0,13,0,2,1,1,X,11,12,2,0,32,3,6,2,0,0,0,0,1,0,0,0,0,0,0,0,0,0,0,0,0,0,0,0,0,0,0,1,0,0,0,0,1,0,0,0,0,0,0,0,0,0,0,3
inferior_dorsal_medulla_oblongata_stripe_2&3,0,0,0,0,0,0,6,1,0,0,0,1,0,0,0,2,2,7,1,2,6,1,9,X,14,0,0,21,4,8,0,0,0,0,0,0,1,0,0,0,0,0,0,1,0,0,0,0,0,0,0,0,0,0,1,0,0,0,0,1,0,0,0,0,0,0,0,0,0,0,1
inferior_dorsal_medulla_oblongata_stripe_4,0,0,1,0,0,4,7,6,0,0,0,0,0,0,0,3,0,9,0,1,8,0,1,3,X,10,0,6,0,1,0,0,0,0,0,0,1,0,0,0,0,0,0,0,0,0,0,0,1,1,1,0,0,0,2,0,0,0,0,0,0,0,0,0,0,0,0,0,0,1,4
inferior_dorsal_medulla_oblongata_stripe_5,0,0,0,0,0,5,8,6,1,0,0,0,0,0,0,1,2,10,1,1,3,4,0,8,15,X,0,10,0,2,0,0,0,0,0,0,0,0,0,0,0,0,1,0,0,0,0,0,0,1,1,0,0,0,4,2,0,0,0,3,0,0,0,0,0,0,0,0,0,1,1
area_postrema,0,0,0,0,0,0,0,0,0,0,0,0,0,0,0,0,0,0,0,0,0,0,0,0,0,0,X,0,0,0,0,0,0,0,0,0,0,0,0,0,0,0,0,0,0,0,0,0,0,0,0,0,0,0,0,0,0,0,0,0,0,0,0,0,0,0,0,0,0,0,0
inferior_ventral_medulla_oblongata_(remaining),0,0,0,0,0,1,5,1,0,0,0,0,0,0,0,0,0,6,0,2,0,0,4,1,3,0,0,X,4,5,0,0,0,0,0,0,0,0,0,0,0,0,0,1,0,0,0,0,0,0,0,0,0,0,0,0,0,0,0,0,0,0,0,0,0,0,0,0,0,0,5
inferior_olive,0,0,0,0,0,0,0,0,0,0,0,0,0,0,0,0,0,0,0,0,0,0,0,0,0,0,0,1,X,0,0,0,0,0,0,0,0,0,0,0,0,0,0,0,0,0,0,0,0,0,0,0,0,0,0,0,0,0,0,0,0,0,0,0,0,0,0,0,0,0,1
inferior_raphe,0,0,1,0,0,0,2,3,0,0,0,0,0,0,0,1,0,4,1,0,1,0,3,2,3,0,0,5,2,X,0,0,0,0,0,1,0,0,0,0,0,0,0,0,0,0,0,0,0,0,0,0,0,0,0,0,0,0,0,0,0,0,0,0,0,0,0,0,0,0,1
lateral_reticular_nucleus,0,0,0,0,0,0,0,0,0,0,0,0,0,0,0,0,0,0,0,0,0,0,0,0,0,0,0,0,0,0,X,0,0,0,0,0,0,0,0,0,0,0,0,0,0,0,0,0,0,0,0,0,0,0,0,0,0,0,0,0,0,0,0,0,0,0,0,0,0,0,0
olfactory_epithelium,0,0,0,0,0,0,0,0,0,0,0,0,0,0,0,0,0,0,0,0,0,0,0,0,0,0,0,0,0,0,0,X,0,0,0,0,0,0,1,1,12,0,0,0,0,0,0,0,0,0,0,0,0,0,0,0,0,0,0,0,0,0,0,0,0,0,0,0,0,0,0
anterior_lateral_line_ganglion,0,0,0,0,0,3,1,0,0,0,0,0,0,0,0,0,1,1,0,0,0,0,0,0,0,2,0,0,0,0,0,0,X,0,0,0,0,0,0,0,0,0,0,0,0,0,0,0,0,0,0,0,0,0,0,0,0,0,0,0,0,0,0,0,0,0,0,0,0,0,0
trigeminal_ganglion,0,0,0,0,0,3,3,0,0,0,0,0,0,0,0,1,1,5,0,0,0,0,0,0,2,0,0,0,0,0,0,1,0,X,0,0,0,1,0,0,0,0,0,0,0,0,0,0,0,0,0,0,0,0,0,0,0,0,0,0,0,0,0,0,0,0,0,0,0,1,2
posterior_lateral_line_ganglion,0,0,0,0,0,14,0,0,0,0,0,0,0,0,0,0,0,14,0,0,0,0,0,0,0,0,0,0,0,0,0,0,0,0,X,0,0,0,0,0,0,0,0,0,0,0,0,0,0,0,0,0,0,0,0,0,0,0,0,0,0,0,0,0,0,0,0,0,0,0,11
octaval_ganglion,0,0,0,0,1,10,17,6,0,1,0,0,0,0,0,2,2,20,0,0,0,1,0,0,5,1,0,0,0,0,0,0,0,0,0,X,0,0,0,0,0,0,0,0,0,0,0,0,0,0,0,0,0,0,0,0,0,0,0,0,0,0,0,0,0,0,0,0,0,0,4
glossopharyngeal_ganglion,0,0,0,0,0,0,0,0,0,0,0,0,0,0,0,0,0,0,0,0,0,1,0,0,0,1,0,0,0,0,0,0,0,0,0,0,X,0,0,0,0,0,0,0,0,0,0,0,0,0,0,0,0,0,0,0,0,0,0,0,0,0,0,0,0,0,0,0,0,0,0
retina,0,0,0,0,0,0,1,1,0,0,0,0,0,0,0,0,0,0,0,0,0,0,0,0,0,0,0,0,0,0,0,0,0,0,0,0,0,X,0,0,0,6,0,0,0,0,2,0,1,5,1,0,1,1,17,24,0,0,0,0,0,3,5,6,48,10,5,2,2,0,0
ventral_telencephalon_(subpallium),1,0,0,0,0,0,15,4,0,0,6,0,5,0,0,0,0,4,0,0,0,0,0,0,0,0,0,2,0,4,0,0,0,0,0,0,0,2,X,101,21,100,0,75,0,5,15,0,17,28,11,0,1,1,8,6,1,0,0,7,0,0,0,0,0,0,0,0,0,0,0
dorsal_telencephalon_(pallium),0,0,0,0,0,0,0,0,0,0,0,0,0,0,0,0,0,0,0,0,0,0,0,0,0,0,0,0,0,0,0,0,0,0,0,0,0,0,11,X,3,15,1,8,0,0,10,2,11,9,3,0,2,3,2,0,0,0,0,0,0,0,0,0,0,0,0,0,0,0,0
olfactory_bulb,0,0,0,0,0,0,0,0,0,0,0,0,0,0,0,0,0,0,0,0,0,0,0,0,0,0,0,0,0,0,0,2,0,0,0,0,0,0,44,53,X,22,0,5,0,0,0,3,7,12,5,1,4,11,1,1,0,0,0,0,0,0,0,0,0,0,0,0,0,0,0
preoptic_region,0,0,0,0,0,0,10,6,0,0,3,1,0,0,0,0,0,4,0,3,0,0,0,1,4,0,0,4,0,0,0,0,0,0,0,0,0,1,11,12,0,X,5,32,2,9,24,2,8,20,11,0,0,0,15,23,1,1,0,4,0,0,0,0,0,0,0,0,0,1,0
pituitary,0,0,0,0,0,0,0,0,0,0,0,0,0,0,0,0,0,0,0,0,0,0,0,0,0,0,0,0,0,0,0,0,0,0,0,0,0,0,0,0,0,0,X,1,0,0,1,0,0,0,0,0,0,0,0,1,0,0,0,0,0,0,0,0,0,0,0,0,0,0,0
intermediate_hypothalamus_(remaining),1,0,2,0,0,2,49,39,1,1,6,0,2,0,0,1,1,34,0,1,3,0,1,0,15,6,0,7,0,8,0,0,0,0,0,0,0,2,1,4,1,6,0,X,24,12,10,0,0,4,12,0,0,0,19,7,0,0,1,10,0,0,0,0,0,0,0,1,1,6,3
diffuse_nucleus_of_the_inferior_lobe,0,0,0,0,0,0,0,0,0,0,0,0,0,0,0,0,0,0,0,0,0,0,0,0,0,0,0,0,0,0,0,0,0,0,0,0,0,0,0,0,0,0,0,0,X,0,0,0,0,0,0,0,0,0,0,0,0,0,0,0,0,0,0,0,0,0,0,0,0,0,0
caudal_hypothalamus,1,0,0,0,0,0,9,0,0,0,2,0,1,0,0,0,0,1,0,0,0,0,0,0,0,0,0,0,0,1,0,0,0,0,0,0,0,0,0,0,0,0,0,19,0,X,1,0,0,0,0,0,0,0,0,0,0,0,0,0,0,0,0,0,0,0,0,0,0,0,0
rostral_hypothalamus,0,0,0,0,0,0,1,4,0,0,0,0,0,0,0,0,0,3,0,3,0,0,0,0,0,0,0,1,0,1,0,0,0,0,0,0,0,0,1,1,0,1,0,6,0,0,X,0,0,1,2,0,0,0,6,4,0,0,0,1,0,1,0,0,0,0,1,0,1,2,0
eminentia_thalami_(remaining),1,0,0,0,0,0,4,2,0,0,1,0,2,0,0,0,0,0,0,0,0,0,0,0,0,0,0,1,0,1,0,0,0,0,0,0,0,0,0,1,0,1,0,2,0,0,1,X,5,9,4,0,1,2,8,5,0,0,0,2,0,2,1,0,0,0,1,0,1,0,0
ventral_entopeduncular_nucleus,0,0,0,0,0,0,9,4,0,0,1,0,0,0,0,0,0,4,0,2,0,0,0,0,0,0,0,1,0,1,0,0,0,0,0,0,0,1,5,13,0,22,0,8,0,1,3,3,X,40,8,2,21,31,21,20,0,0,0,5,0,5,1,0,1,2,5,5,2,1,0
ventral_thalamus__alar_part,1,0,1,0,0,0,22,23,0,0,2,0,4,0,1,0,0,20,0,5,0,1,1,0,5,0,0,12,3,4,0,0,0,0,0,0,0,5,1,8,0,13,3,22,3,2,10,7,23,X,18,1,14,17,65,47,2,1,1,6,0,11,1,0,8,8,8,13,13,6,0
posterior_tuberculum_(basal_part_of_prethalamus_and_thalamus),2,0,1,0,0,0,11,10,1,0,1,0,3,0,1,0,0,8,0,2,0,0,2,0,1,0,0,9,0,3,0,0,0,0,0,0,0,1,0,0,0,2,0,17,1,0,3,0,0,3,X,0,0,0,18,10,2,5,2,11,0,2,0,0,1,0,2,2,2,1,0
epiphysis,0,0,0,0,0,0,1,1,0,0,1,0,0,0,0,0,0,0,0,0,0,0,0,0,0,0,0,0,0,0,0,0,0,0,0,0,0,0,0,0,0,0,0,1,0,0,0,0,0,0,2,X,2,0,2,1,1,0,0,2,0,0,0,0,0,0,0,0,0,0,0
dorsal_habenula,0,0,0,0,0,0,3,0,0,0,3,0,0,0,0,0,0,1,0,1,0,0,0,0,0,0,0,0,0,0,0,0,0,0,0,0,0,0,0,2,0,0,1,3,0,0,0,1,0,0,0,0,X,5,2,0,0,0,0,0,0,0,0,0,0,0,0,0,0,0,0
ventral_habenula,1,0,0,0,0,0,12,0,0,0,9,0,2,0,0,0,0,0,0,1,0,0,0,0,0,0,0,2,0,1,0,0,0,0,0,0,0,0,0,0,0,0,0,6,0,3,0,1,1,1,3,0,4,X,5,0,0,0,0,0,0,0,0,0,0,0,0,0,0,0,0
dorsal_thalamus_proper,4,2,0,0,0,0,36,31,0,0,3,0,3,0,0,0,0,27,0,4,0,0,5,2,2,0,0,21,1,14,1,0,0,0,0,0,0,3,0,1,0,5,0,44,9,1,20,1,8,26,22,0,0,3,X,64,9,2,7,37,0,6,3,2,6,2,2,6,8,9,1
pretectum__alar_part,4,2,13,1,0,0,66,87,2,0,4,0,0,0,2,1,1,54,1,16,0,0,8,0,1,1,0,38,4,23,0,0,0,0,0,0,0,9,0,0,0,2,0,85,17,6,4,1,3,10,27,0,0,4,235,X,19,6,3,98,15,18,14,16,33,22,16,13,13,13,54
nucleus_of_the_medial_longitudinal_fascicle_(pretectum_basal_part),1,1,0,0,0,0,2,2,0,0,1,0,0,0,0,0,1,4,1,0,1,0,1,3,1,1,0,3,1,1,0,0,0,0,0,0,0,0,1,1,0,0,0,4,0,0,0,0,0,0,3,0,0,0,4,5,X,6,3,7,0,1,0,0,0,0,0,0,0,0,0
medial_tegmentum_(remaining),1,1,2,0,0,1,16,9,0,0,1,0,0,0,0,0,2,11,0,2,1,0,3,2,5,2,0,19,6,3,0,0,0,0,0,0,0,0,0,0,0,0,0,11,0,0,0,0,0,1,24,0,0,0,10,6,20,X,5,23,1,5,5,5,11,12,13,11,8,1,0
oculomotor_nucleus,0,4,0,0,0,0,2,4,0,0,2,0,2,0,0,0,0,0,0,0,0,0,0,0,0,0,0,0,0,0,0,0,0,0,0,0,0,0,1,0,1,0,0,3,2,0,1,0,0,0,2,0,0,0,3,2,10,4,X,4,0,0,0,0,0,0,0,1,0,1,0
lateral_tegmentum,0,0,1,0,0,0,32,35,0,0,2,0,2,0,0,0,0,38,0,15,1,0,9,0,1,0,0,34,2,22,0,0,0,0,0,0,0,0,0,0,0,1,0,37,8,2,1,0,0,0,6,0,0,0,25,11,0,0,0,X,0,5,5,1,8,5,3,3,5,5,1
torus_longitudinalis,0,0,0,0,0,0,0,1,0,0,0,0,0,0,0,0,0,0,0,0,0,0,0,0,0,0,0,0,0,0,0,0,0,0,0,0,0,0,0,0,0,0,0,0,0,0,0,0,0,0,0,0,0,1,1,4,0,0,0,1,X,1,3,2,2,0,0,0,0,0,0
periventricular_layer,0,0,2,0,0,0,87,64,0,0,2,0,0,0,2,0,0,40,0,9,0,0,0,0,0,0,0,24,3,5,0,0,0,0,0,5,0,3,0,0,0,2,0,31,11,5,2,0,0,6,6,0,0,0,68,79,2,0,2,14,1,X,191,75,399,345,284,229,170,80,0
stratum_marginale,0,0,0,0,0,0,0,0,0,0,0,0,0,0,0,0,0,0,0,0,0,0,0,0,0,0,0,0,0,0,0,0,0,0,0,0,0,0,0,0,0,0,0,1,0,0,0,0,0,0,0,0,0,0,1,2,0,0,0,0,0,4,X,5,9,0,1,0,0,0,0
stratum_opticum,0,0,0,0,0,0,0,0,0,0,0,0,0,0,0,0,0,0,0,0,0,0,0,0,0,0,0,0,0,0,0,0,0,0,0,0,0,0,0,0,0,0,0,0,0,0,0,0,0,0,0,0,0,0,0,0,0,0,0,0,0,0,0,X,0,0,0,0,0,0,0
stratum_fibrosum_et_griseum_superficiale,0,0,0,0,0,0,1,1,0,0,0,0,0,0,0,0,0,1,0,0,0,0,0,0,0,0,0,1,0,0,0,0,0,0,0,0,0,0,0,0,0,0,0,0,0,0,0,0,0,0,0,0,0,0,1,1,0,0,0,0,0,2,7,2,X,3,2,2,2,2,0
sfgs/_sgc,0,0,0,0,0,0,0,0,0,0,0,0,0,0,0,0,0,0,0,0,0,0,0,0,0,0,0,0,0,0,0,0,0,0,0,0,0,0,0,0,0,0,0,0,0,0,0,0,0,0,0,0,0,0,0,0,0,0,0,0,0,0,1,0,0,X,0,0,0,0,0
stratum_griseum_centrale,0,0,0,0,0,0,0,1,0,0,0,0,0,0,0,0,0,0,0,0,0,0,0,0,0,0,0,0,0,0,0,0,0,0,0,0,0,0,0,0,0,0,0,0,0,0,0,0,0,0,0,0,0,0,0,0,0,0,0,0,0,1,2,0,5,5,X,3,1,1,0
stratum_album_centrale,0,0,0,0,0,0,1,1,0,0,0,0,0,0,0,0,0,2,0,0,0,0,0,0,0,0,0,1,0,0,0,0,0,0,0,0,0,0,0,0,0,0,0,0,0,0,0,0,0,0,0,0,0,0,0,0,0,0,0,0,0,2,0,0,3,2,3,X,5,3,0
sac_/spv,0,0,0,0,0,0,11,10,0,0,0,0,0,0,0,0,0,12,0,5,0,0,0,0,0,0,0,8,2,1,0,0,0,0,0,0,0,0,0,0,0,0,0,3,1,1,0,0,0,0,3,0,0,0,9,4,0,0,0,1,0,12,8,5,20,22,21,19,X,6,0
torus_semicircularis,0,0,0,0,1,2,19,19,0,0,1,0,0,0,0,0,1,12,0,5,0,0,0,0,0,1,0,5,1,0,0,0,0,1,0,2,0,2,0,0,0,0,0,7,2,2,0,0,0,0,1,0,0,0,11,6,0,0,0,2,0,19,8,3,14,14,13,11,5,X,0
cerebellum,29,9,35,2,3,113,86,79,2,1,9,13,8,0,0,3,7,60,1,11,0,0,6,0,5,2,0,38,2,12,0,0,0,0,0,1,0,0,0,0,0,1,0,18,2,2,3,0,0,0,13,0,0,0,53,42,36,16,15,68,1,6,3,1,3,2,1,0,0,4,X
